{"loss": [1.0189932584762573, 0.6405255794525146, 0.5530039668083191, 0.5087022185325623, 0.4799996316432953, 0.4608611762523651, 0.4438738226890564, 0.428307443857193, 0.41711002588272095, 0.4080500900745392, 0.40192219614982605, 0.3921329379081726, 0.385873943567276, 0.37860342860221863, 0.37609297037124634, 0.3675991892814636, 0.365235835313797, 0.3616364002227783, 0.35751646757125854, 0.35403767228126526, 0.3513018786907196, 0.34605664014816284, 0.3436494469642639, 0.33818671107292175, 0.3379746675491333, 0.3331446647644043, 0.3307974636554718, 0.3288949728012085, 0.32538294792175293, 0.3230264186859131, 0.32309460639953613, 0.3201673626899719, 0.31753358244895935, 0.3135737180709839, 0.31346556544303894, 0.31007319688796997, 0.3111916780471802, 0.3063664436340332, 0.30259037017822266, 0.3019421100616455, 0.2999895513057709, 0.2999268174171448, 0.29661646485328674, 0.29303982853889465, 0.2967333495616913, 0.29140812158584595, 0.29609793424606323, 0.2884238362312317, 0.28690555691719055, 0.2877762019634247], "precision": [0.8267171382904053, 0.8574853539466858, 0.8704577684402466, 0.8791658878326416, 0.8822189569473267, 0.8849924802780151, 0.8874659538269043, 0.8898430466651917, 0.8928013443946838, 0.8943273425102234, 0.8957269191741943, 0.8963045477867126, 0.8972907066345215, 0.8987467885017395, 0.900262176990509, 0.9006423950195312, 0.9014303088188171, 0.9030628204345703, 0.9043372869491577, 0.9046583771705627, 0.9035904407501221, 0.9070099592208862, 0.9061551094055176, 0.9077947735786438, 0.9085748791694641, 0.9083338975906372, 0.9081935882568359, 0.9088447093963623, 0.9104583859443665, 0.9101755023002625, 0.9100463390350342, 0.9113031625747681, 0.910819411277771, 0.9122582077980042, 0.912833571434021, 0.912634015083313, 0.913918137550354, 0.9143494367599487, 0.91437828540802, 0.9145908355712891, 0.9152616858482361, 0.9152120351791382, 0.9165676236152649, 0.9161397814750671, 0.91627037525177, 0.9172853231430054, 0.9164389967918396, 0.918311357498169, 0.9186811447143555, 0.9187254309654236], "recall": [0.4503541588783264, 0.6706249713897705, 0.7261250019073486, 0.7562291622161865, 0.7746250033378601, 0.786020815372467, 0.7940416932106018, 0.8030833601951599, 0.809249997138977, 0.8142291903495789, 0.8183958530426025, 0.820604145526886, 0.825208306312561, 0.8262291550636292, 0.8298541903495789, 0.8324375152587891, 0.8350625038146973, 0.8378541469573975, 0.8387916684150696, 0.8411250114440918, 0.8409791588783264, 0.8461458086967468, 0.8452916741371155, 0.8489583134651184, 0.847000002861023, 0.8499166369438171, 0.8530208468437195, 0.8528749942779541, 0.8524166941642761, 0.8566458225250244, 0.8550833463668823, 0.8566250205039978, 0.8572708368301392, 0.859708309173584, 0.8587291836738586, 0.8620208501815796, 0.8612916469573975, 0.8624791502952576, 0.8643541932106018, 0.8635833263397217, 0.8663333058357239, 0.8651041388511658, 0.8676458597183228, 0.8694166541099548, 0.867020845413208, 0.8700833320617676, 0.8666458129882812, 0.8714583516120911, 0.8724791407585144, 0.8715833425521851], "val_loss": [0.5985867381095886, 0.5095775723457336, 0.46080878376960754, 0.4346352517604828, 0.415988028049469, 0.40123721957206726, 0.38659608364105225, 0.3819696009159088, 0.37219226360321045, 0.3669881224632263, 0.3636898994445801, 0.3576309382915497, 0.3531033992767334, 0.3496694266796112, 0.3502613604068756, 0.34867191314697266, 0.34259191155433655, 0.3406125009059906, 0.3370404839515686, 0.3333376944065094, 0.3302101194858551, 0.3309409022331238, 0.32887354493141174, 0.33333155512809753, 0.32816290855407715, 0.32604533433914185, 0.32688528299331665, 0.3239630460739136, 0.32361283898353577, 0.32222652435302734, 0.31922292709350586, 0.3158794641494751, 0.3179756999015808, 0.3210912346839905, 0.3172825574874878, 0.31556546688079834, 0.31345832347869873, 0.3137255012989044, 0.3155090808868408, 0.31194430589675903, 0.311565101146698, 0.31216081976890564, 0.3149277865886688, 0.3139231503009796, 0.31020665168762207, 0.3112955391407013, 0.3117351233959198, 0.30986514687538147, 0.3091830909252167, 0.311734139919281], "val_precision": [0.866310179233551, 0.8786373734474182, 0.8870320916175842, 0.8922178149223328, 0.8911917209625244, 0.8923484086990356, 0.897655725479126, 0.8951984643936157, 0.8973065614700317, 0.9005679488182068, 0.8987897634506226, 0.9031387567520142, 0.9036890864372253, 0.9036799669265747, 0.9038856625556946, 0.9051831960678101, 0.9013175368309021, 0.9022603034973145, 0.9035188555717468, 0.9083051085472107, 0.9085653424263, 0.9050934314727783, 0.9084219932556152, 0.9050437211990356, 0.9072912335395813, 0.9076787233352661, 0.9046697616577148, 0.9081776738166809, 0.9040104746818542, 0.9076249003410339, 0.9064034819602966, 0.9069910049438477, 0.9085392951965332, 0.9038344025611877, 0.9058021903038025, 0.9060081839561462, 0.9083929657936096, 0.9051483273506165, 0.9053362011909485, 0.9088766574859619, 0.9093210101127625, 0.9087349772453308, 0.9075294733047485, 0.9057437181472778, 0.9092252850532532, 0.9079290628433228, 0.9095735549926758, 0.909153938293457, 0.9108074903488159, 0.9069545865058899], "val_recall": [0.6884999871253967, 0.7372499704360962, 0.7740833163261414, 0.7891666889190674, 0.8026666641235352, 0.8144166469573975, 0.8200833201408386, 0.824999988079071, 0.8300833106040955, 0.8324999809265137, 0.8355000019073486, 0.8368333578109741, 0.8389999866485596, 0.8451666831970215, 0.8432499766349792, 0.844083309173584, 0.8494166731834412, 0.8515833616256714, 0.8537499904632568, 0.8494166731834412, 0.8512499928474426, 0.8559166789054871, 0.8539166450500488, 0.8538333177566528, 0.8554999828338623, 0.8569999933242798, 0.8572499752044678, 0.8588333129882812, 0.8640833497047424, 0.8629999756813049, 0.8610833287239075, 0.8638333082199097, 0.8609166741371155, 0.862333357334137, 0.8638333082199097, 0.8683333396911621, 0.8676666617393494, 0.8644166588783264, 0.8694999814033508, 0.8677499890327454, 0.8682500123977661, 0.8704166412353516, 0.871833324432373, 0.8712499737739563, 0.8714166879653931, 0.8702499866485596, 0.8709166646003723, 0.8740000128746033, 0.8722500205039978, 0.8715833425521851]}