{"loss": [0.7542113661766052, 0.5006366968154907, 0.45117121934890747, 0.4245724380016327, 0.40523165464401245, 0.39097684621810913, 0.3783920407295227, 0.3668406903743744, 0.35900983214378357, 0.35066303610801697, 0.34316903352737427, 0.33644479513168335, 0.3307936489582062, 0.3242323696613312, 0.3185994625091553, 0.31316837668418884, 0.3082246780395508, 0.3042427599430084, 0.29876017570495605, 0.2949255108833313, 0.290631502866745, 0.2865646779537201, 0.28292858600616455, 0.2786407768726349, 0.2758491635322571, 0.27205759286880493, 0.26932939887046814, 0.26534122228622437, 0.2620683014392853, 0.25927916169166565, 0.2572864890098572, 0.2528141140937805, 0.2509286403656006, 0.24831756949424744, 0.2465522438287735, 0.24330808222293854, 0.24084047973155975, 0.23804664611816406, 0.23603448271751404, 0.23301179707050323, 0.23175406455993652, 0.2292892038822174, 0.22728978097438812, 0.2251971811056137, 0.2231810986995697, 0.22104600071907043, 0.21835902333259583, 0.21668444573879242, 0.2152678370475769, 0.21300972998142242], "precision": [0.8753882646560669, 0.8841795921325684, 0.8882343173027039, 0.8931615352630615, 0.8961121439933777, 0.8983334302902222, 0.9000089764595032, 0.9026944637298584, 0.9035422205924988, 0.9059553742408752, 0.9068178534507751, 0.9086222648620605, 0.9098389744758606, 0.910982608795166, 0.9123894572257996, 0.9144273400306702, 0.9144537448883057, 0.9160112738609314, 0.9170739054679871, 0.9180808663368225, 0.9196164608001709, 0.9186282753944397, 0.9200096130371094, 0.9212220311164856, 0.9213010668754578, 0.9232999682426453, 0.9252346754074097, 0.9247592091560364, 0.9263004660606384, 0.9254457354545593, 0.9261266589164734, 0.9278303384780884, 0.9294607639312744, 0.9290029406547546, 0.929584801197052, 0.9306588172912598, 0.9304502010345459, 0.9323751926422119, 0.9327197074890137, 0.9339121580123901, 0.9337707161903381, 0.9340439438819885, 0.9343701004981995, 0.9349126219749451, 0.9350014925003052, 0.9372527003288269, 0.9374368190765381, 0.9366985559463501, 0.938176691532135, 0.9391732215881348], "recall": [0.5930208563804626, 0.7640416622161865, 0.7947291731834412, 0.8100416660308838, 0.8216041922569275, 0.8287500143051147, 0.8350208401679993, 0.8403333425521851, 0.8444166779518127, 0.8487291932106018, 0.851520836353302, 0.8555625081062317, 0.8569166660308838, 0.8600624799728394, 0.8617708086967468, 0.8648958206176758, 0.8680833578109741, 0.8686458468437195, 0.8718125224113464, 0.8734583258628845, 0.8751875162124634, 0.8756250143051147, 0.8786666393280029, 0.879479169845581, 0.8804374933242798, 0.8822708129882812, 0.8850833177566528, 0.8862083554267883, 0.8873958587646484, 0.8877916932106018, 0.8901041746139526, 0.8905624747276306, 0.8927083611488342, 0.893875002861023, 0.8941249847412109, 0.8970000147819519, 0.8968958258628845, 0.898770809173584, 0.8993750214576721, 0.9008749723434448, 0.9014583230018616, 0.9036874771118164, 0.9037500023841858, 0.9052291512489319, 0.9053541421890259, 0.9080416560173035, 0.9083958268165588, 0.9085000157356262, 0.9098749756813049, 0.9106458425521851], "val_loss": [0.5502499341964722, 0.47270581126213074, 0.44328296184539795, 0.4327099621295929, 0.4090273082256317, 0.40739744901657104, 0.3902086615562439, 0.39226436614990234, 0.3813028931617737, 0.37582963705062866, 0.37119969725608826, 0.370892733335495, 0.3631860017776489, 0.35890576243400574, 0.35863178968429565, 0.35137584805488586, 0.3449791371822357, 0.3473559617996216, 0.3503275513648987, 0.34744521975517273, 0.33916011452674866, 0.34024980664253235, 0.33167028427124023, 0.3315328061580658, 0.33074548840522766, 0.3298792243003845, 0.33072197437286377, 0.33088213205337524, 0.3307807445526123, 0.3226291835308075, 0.32162150740623474, 0.32463037967681885, 0.3259716331958771, 0.32937273383140564, 0.3191303014755249, 0.31985703110694885, 0.3185290992259979, 0.31789082288742065, 0.3224240839481354, 0.3318464457988739, 0.3227269947528839, 0.3242155909538269, 0.3150979280471802, 0.32086601853370667, 0.3172842860221863, 0.3146478533744812, 0.3143185079097748, 0.3206888437271118, 0.3206767141819, 0.3159455358982086], "val_precision": [0.8796501159667969, 0.8865705728530884, 0.8880839347839355, 0.8884915113449097, 0.8913792967796326, 0.889229953289032, 0.8954725861549377, 0.8945669531822205, 0.8975757956504822, 0.8962692618370056, 0.8970810174942017, 0.8954231142997742, 0.8977785706520081, 0.8998233079910278, 0.8990113139152527, 0.9032514095306396, 0.9048881530761719, 0.902563214302063, 0.8979377150535583, 0.9022735357284546, 0.9011663794517517, 0.9016379117965698, 0.9040510058403015, 0.9028686285018921, 0.903515636920929, 0.9049445986747742, 0.9040487408638, 0.9035944938659668, 0.9015895128250122, 0.9038311243057251, 0.9037893414497375, 0.9040917158126831, 0.9027537107467651, 0.9012730717658997, 0.9040526747703552, 0.9032397270202637, 0.9030753374099731, 0.9044613242149353, 0.9043447971343994, 0.90090012550354, 0.9032731652259827, 0.9038494825363159, 0.9053131937980652, 0.903905987739563, 0.9052758812904358, 0.904643177986145, 0.9057677388191223, 0.9024685025215149, 0.9044250845909119, 0.9028900861740112], "val_recall": [0.7290833592414856, 0.7789999842643738, 0.796833336353302, 0.8074166774749756, 0.8185833096504211, 0.8208333253860474, 0.8274166584014893, 0.8314999938011169, 0.8361666798591614, 0.8388333320617676, 0.8425833582878113, 0.8412500023841858, 0.8453333377838135, 0.8488333225250244, 0.8486666679382324, 0.8542500138282776, 0.8530833125114441, 0.8568333387374878, 0.8526666760444641, 0.8532500267028809, 0.856333315372467, 0.8578333258628845, 0.8629166483879089, 0.8629166483879089, 0.8630833625793457, 0.8647500276565552, 0.8652499914169312, 0.8630833625793457, 0.8650000095367432, 0.8669999837875366, 0.8665833473205566, 0.8672500252723694, 0.8687499761581421, 0.8672500252723694, 0.8700000047683716, 0.8712499737739563, 0.8711666464805603, 0.871749997138977, 0.8690000176429749, 0.8674166798591614, 0.8715833425521851, 0.8726666569709778, 0.8732500076293945, 0.871666669845581, 0.8736666440963745, 0.8767499923706055, 0.8755000233650208, 0.8713333606719971, 0.8737499713897705, 0.874750018119812]}