{"loss": [0.6983450055122375, 0.47410649061203003, 0.43000301718711853, 0.4020938575267792, 0.3842838704586029, 0.36915314197540283, 0.3572317063808441, 0.344422847032547, 0.33489182591438293, 0.324921190738678, 0.3180007338523865, 0.30997759103775024, 0.30400729179382324, 0.2976883053779602, 0.29158055782318115, 0.28572550415992737, 0.27937451004981995, 0.2744600474834442, 0.26870957016944885, 0.2651180624961853, 0.2591225504875183, 0.25483438372612, 0.25196945667266846, 0.2464602142572403, 0.24213330447673798, 0.24089264869689941, 0.23612409830093384, 0.23235933482646942, 0.22821538150310516, 0.22648344933986664, 0.2212309092283249, 0.21770882606506348, 0.21529074013233185, 0.21186494827270508, 0.20839515328407288, 0.20545370876789093], "precision": [0.8826687932014465, 0.888238787651062, 0.8928956389427185, 0.8969668745994568, 0.899215817451477, 0.9020792841911316, 0.9036046266555786, 0.9061135649681091, 0.9092957377433777, 0.9103124141693115, 0.9129590392112732, 0.9144186973571777, 0.9150597453117371, 0.9163933992385864, 0.9193822741508484, 0.9206519722938538, 0.9211859703063965, 0.92314213514328, 0.9237545132637024, 0.9235296845436096, 0.9266486167907715, 0.9263794422149658, 0.927069902420044, 0.9294784665107727, 0.9309381246566772, 0.9310668706893921, 0.9336743354797363, 0.9334567189216614, 0.9358904957771301, 0.9348945021629333, 0.9360582232475281, 0.938530445098877, 0.9389485716819763, 0.9393582344055176, 0.9402241706848145, 0.9405246376991272], "recall": [0.634071409702301, 0.7843571305274963, 0.8088571429252625, 0.8230952620506287, 0.8327381014823914, 0.8387619256973267, 0.8445476293563843, 0.8497619032859802, 0.8552142977714539, 0.8581428527832031, 0.8618333339691162, 0.8652142882347107, 0.8677380681037903, 0.8716428279876709, 0.8745952248573303, 0.8768333196640015, 0.8788333535194397, 0.8813809752464294, 0.8838571310043335, 0.885357141494751, 0.8876190185546875, 0.8898095488548279, 0.8904285430908203, 0.8940476179122925, 0.8964047431945801, 0.8972380757331848, 0.8995952606201172, 0.9007856845855713, 0.9033571481704712, 0.9039762020111084, 0.9062380790710449, 0.9080952405929565, 0.909595251083374, 0.9109761714935303, 0.9126666784286499, 0.913428544998169], "val_loss": [0.5184321999549866, 0.45188501477241516, 0.42337673902511597, 0.4079500436782837, 0.3911873698234558, 0.39175114035606384, 0.372378408908844, 0.37672528624534607, 0.3564102053642273, 0.35969939827919006, 0.3633147180080414, 0.3576655685901642, 0.34341123700141907, 0.3439733386039734, 0.3403380811214447, 0.33006471395492554, 0.3281571567058563, 0.33261963725090027, 0.3284965753555298, 0.3239370584487915, 0.3258027732372284, 0.327069491147995, 0.3375452756881714, 0.32221370935440063, 0.3269156515598297, 0.32029303908348083, 0.3117872476577759, 0.3086860775947571, 0.31401485204696655, 0.3110623359680176, 0.30435308814048767, 0.3196439743041992, 0.3158619701862335, 0.31199342012405396, 0.309047132730484, 0.3233272135257721], "val_precision": [0.8813482522964478, 0.8858557939529419, 0.8933048248291016, 0.8936852812767029, 0.8971136212348938, 0.8956631422042847, 0.900065541267395, 0.8954691290855408, 0.9020731449127197, 0.901638388633728, 0.8977981805801392, 0.8971338272094727, 0.9024533033370972, 0.9025291800498962, 0.9020193219184875, 0.9048397541046143, 0.906547486782074, 0.9058837294578552, 0.9059674739837646, 0.9084351658821106, 0.903601884841919, 0.9062845706939697, 0.901369035243988, 0.905241847038269, 0.9021234512329102, 0.9050343632698059, 0.9090541005134583, 0.9076647758483887, 0.9072832465171814, 0.9087492227554321, 0.9100785851478577, 0.905063271522522, 0.9067321419715881, 0.908174991607666, 0.9080069065093994, 0.9042999148368835], "val_recall": [0.7568333148956299, 0.7950555682182312, 0.8116666674613953, 0.8200555443763733, 0.8288333415985107, 0.8283888697624207, 0.8391110897064209, 0.8366666436195374, 0.8485000133514404, 0.8468888998031616, 0.8472222089767456, 0.8503333330154419, 0.8562777638435364, 0.8544444441795349, 0.856166660785675, 0.8610555529594421, 0.8622778058052063, 0.8630555272102356, 0.8628333210945129, 0.867555558681488, 0.8654999732971191, 0.8644444346427917, 0.8595555424690247, 0.8682777881622314, 0.8638333082199097, 0.8698889017105103, 0.8729444742202759, 0.8743333220481873, 0.871999979019165, 0.8730555772781372, 0.8748888969421387, 0.8738889098167419, 0.8717222213745117, 0.8763889074325562, 0.8757222294807434, 0.8751111030578613]}