{"loss": [0.6708155274391174, 0.46392062306404114, 0.4199322462081909, 0.39370638132095337, 0.3734124004840851, 0.3580542802810669, 0.345557302236557, 0.33427396416664124, 0.3242977559566498, 0.3160204589366913, 0.30762502551078796, 0.3009290099143982, 0.29401063919067383, 0.28741076588630676, 0.28187504410743713, 0.276131808757782, 0.27071988582611084, 0.2658842206001282, 0.26107338070869446, 0.25683775544166565, 0.25269317626953125, 0.24769608676433563, 0.2436981052160263, 0.2397596836090088, 0.23675574362277985, 0.2317998707294464, 0.22924627363681793, 0.22428683936595917, 0.2214052975177765, 0.2186681479215622, 0.2147415578365326, 0.21191149950027466, 0.20815923810005188, 0.2058762162923813, 0.20194706320762634, 0.20076104998588562, 0.1966131180524826, 0.19300192594528198, 0.19096721708774567, 0.1880684345960617, 0.1862642467021942], "precision": [0.8800534009933472, 0.8886722326278687, 0.8938018679618835, 0.8973506093025208, 0.9016161561012268, 0.9049332141876221, 0.907216489315033, 0.9092620611190796, 0.9108659625053406, 0.912789523601532, 0.915549099445343, 0.9162096977233887, 0.9191719889640808, 0.9201207160949707, 0.9217767119407654, 0.9227214455604553, 0.9229930639266968, 0.9256622791290283, 0.9265566468238831, 0.92716383934021, 0.9271273612976074, 0.9300873875617981, 0.9313413500785828, 0.9324069619178772, 0.9321528673171997, 0.9344382882118225, 0.9345878958702087, 0.9359253644943237, 0.9371234178543091, 0.9377903938293457, 0.9388834238052368, 0.9397159814834595, 0.9406887292861938, 0.9419788718223572, 0.9423043727874756, 0.9427658915519714, 0.944575309753418, 0.9441999793052673, 0.9455132484436035, 0.946386992931366, 0.9472683072090149], "recall": [0.645354151725769, 0.7881041765213013, 0.8123541474342346, 0.8262916803359985, 0.8368124961853027, 0.8438125252723694, 0.8506666421890259, 0.8551041483879089, 0.8601041436195374, 0.8628333210945129, 0.8661666512489319, 0.8702083230018616, 0.8732708096504211, 0.8763958215713501, 0.8793749809265137, 0.8818333148956299, 0.8819583058357239, 0.8859166502952576, 0.887583315372467, 0.8899999856948853, 0.8913750052452087, 0.893833339214325, 0.8961250185966492, 0.8974999785423279, 0.8993333578109741, 0.9008958339691162, 0.9022083282470703, 0.9047083258628845, 0.9072916507720947, 0.9082499742507935, 0.9102083444595337, 0.9099583625793457, 0.9122916460037231, 0.9135624766349792, 0.9152916669845581, 0.9166041612625122, 0.918874979019165, 0.9207916855812073, 0.9215208292007446, 0.9230625033378601, 0.9232708215713501], "val_loss": [0.503284752368927, 0.4411146640777588, 0.42085835337638855, 0.41424307227134705, 0.38366207480430603, 0.37238064408302307, 0.36653581261634827, 0.3650044798851013, 0.3588363826274872, 0.34362268447875977, 0.351498007774353, 0.338713139295578, 0.3363548517227173, 0.3452746570110321, 0.32861578464508057, 0.3249415457248688, 0.3208143413066864, 0.3284009099006653, 0.31408652663230896, 0.319311261177063, 0.30985236167907715, 0.30825838446617126, 0.3125855326652527, 0.31470775604248047, 0.3075239062309265, 0.31159892678260803, 0.3098437786102295, 0.3111272156238556, 0.3061068058013916, 0.30293509364128113, 0.31024375557899475, 0.31608763337135315, 0.3004967272281647, 0.29759275913238525, 0.3110225200653076, 0.29684439301490784, 0.30089884996414185, 0.2976570427417755, 0.30053189396858215, 0.30914297699928284, 0.29985034465789795], "val_precision": [0.8852219581604004, 0.8929640650749207, 0.8925460577011108, 0.8861480355262756, 0.8988015055656433, 0.9002318382263184, 0.9010490775108337, 0.8974609971046448, 0.8988184928894043, 0.9060485363006592, 0.9011889100074768, 0.9042328000068665, 0.9056355357170105, 0.899912416934967, 0.905746340751648, 0.9065804481506348, 0.9075446724891663, 0.9046499729156494, 0.9099633693695068, 0.9057883024215698, 0.9110568761825562, 0.9093356728553772, 0.906928300857544, 0.9081774353981018, 0.9092168807983398, 0.9089961647987366, 0.908486008644104, 0.9082401990890503, 0.9092560410499573, 0.9087458848953247, 0.9076457619667053, 0.9021533131599426, 0.9107142686843872, 0.9101858139038086, 0.9035524129867554, 0.9125140309333801, 0.910280704498291, 0.9097324013710022, 0.9091222286224365, 0.9054739475250244, 0.9101442098617554], "val_recall": [0.7577499747276306, 0.7953333258628845, 0.8112499713897705, 0.8172500133514404, 0.831166684627533, 0.8414166569709778, 0.8445833325386047, 0.8395000100135803, 0.8431666493415833, 0.8550833463668823, 0.8527500033378601, 0.8544999957084656, 0.859749972820282, 0.856416642665863, 0.8616666793823242, 0.8644999861717224, 0.8670833110809326, 0.8657500147819519, 0.8691666722297668, 0.8684999942779541, 0.8706666827201843, 0.8725833296775818, 0.8705000281333923, 0.8736666440963745, 0.874666690826416, 0.8723333477973938, 0.8760833144187927, 0.8734999895095825, 0.8759166598320007, 0.878000020980835, 0.8755000233650208, 0.8728333115577698, 0.8797500133514404, 0.8816666603088379, 0.8774999976158142, 0.8805000185966492, 0.8809999823570251, 0.8809999823570251, 0.8803333044052124, 0.878083348274231, 0.8837500214576721]}