{"loss": [0.5724935531616211, 0.4009708762168884, 0.35788875818252563, 0.3321424722671509, 0.308047354221344, 0.2907783091068268, 0.2753511071205139, 0.26313135027885437, 0.25093722343444824, 0.23880434036254883, 0.22812595963478088, 0.22127345204353333, 0.21167409420013428, 0.20293636620044708, 0.19341957569122314, 0.18636983633041382, 0.17945092916488647, 0.17184583842754364, 0.16357974708080292, 0.15855589509010315, 0.1518268883228302], "precision": [0.8800950646400452, 0.8912326693534851, 0.901516854763031, 0.9060184955596924, 0.9111014008522034, 0.9154923558235168, 0.9195669889450073, 0.9219251275062561, 0.9252585172653198, 0.9286361336708069, 0.931456446647644, 0.9338098168373108, 0.9360385537147522, 0.9388518929481506, 0.9417250156402588, 0.9423306584358215, 0.9453784227371216, 0.9467502236366272, 0.9492161870002747, 0.9516946077346802, 0.9533480405807495], "recall": [0.7174791693687439, 0.8221250176429749, 0.8444583415985107, 0.8561875224113464, 0.8668749928474426, 0.8729791641235352, 0.879604160785675, 0.8863541483879089, 0.8910624980926514, 0.8970624804496765, 0.9022708535194397, 0.9064375162124634, 0.9106875061988831, 0.914187490940094, 0.9194375276565552, 0.9215208292007446, 0.926687479019165, 0.9286041855812073, 0.9322291612625122, 0.9354166388511658, 0.9378958344459534], "val_loss": [0.4285106062889099, 0.41021984815597534, 0.36600035429000854, 0.34945541620254517, 0.339330792427063, 0.3368929922580719, 0.32274943590164185, 0.3139816224575043, 0.3071504235267639, 0.30652421712875366, 0.3110731840133667, 0.3000929057598114, 0.30974850058555603, 0.3011244535446167, 0.2975475788116455, 0.29381999373435974, 0.3080119490623474, 0.30323711037635803, 0.34933391213417053, 0.30816975235939026, 0.30180099606513977], "val_precision": [0.887396514415741, 0.8881125450134277, 0.8984555006027222, 0.9004050493240356, 0.9089619517326355, 0.9023920297622681, 0.9026556611061096, 0.9064510464668274, 0.9074538946151733, 0.9083942770957947, 0.906231164932251, 0.9086600542068481, 0.9025103449821472, 0.9058833718299866, 0.9109412431716919, 0.9078463315963745, 0.9056329727172852, 0.9059566259384155, 0.8950732946395874, 0.9068639874458313, 0.9088583588600159], "val_recall": [0.8038333058357239, 0.815583348274231, 0.843500018119812, 0.8520833253860474, 0.8544999957084656, 0.8582500219345093, 0.8639166951179504, 0.8688333630561829, 0.8734999895095825, 0.8693333268165588, 0.8762500286102295, 0.8787500262260437, 0.874833345413208, 0.8815000057220459, 0.8839166760444641, 0.8841666579246521, 0.8829166889190674, 0.8846666812896729, 0.875083327293396, 0.8884999752044678, 0.8883333206176758]}