{"loss": [1.4506109952926636, 0.8852699398994446, 0.7215175628662109, 0.648053765296936, 0.5994185209274292, 0.5658884048461914, 0.5407895445823669, 0.5235905647277832, 0.5037581920623779, 0.49223592877388, 0.4785516858100891, 0.46817728877067566, 0.4605885148048401, 0.45116767287254333, 0.4472559094429016, 0.438874751329422, 0.43260863423347473, 0.425173819065094, 0.42314356565475464, 0.41536617279052734, 0.40923312306404114, 0.4081738293170929, 0.4026520848274231, 0.39759600162506104, 0.39414331316947937, 0.3899868428707123, 0.38718852400779724, 0.3827809691429138, 0.37875261902809143, 0.3768502473831177, 0.3721892833709717, 0.3692759871482849, 0.37136316299438477, 0.3691963851451874, 0.36303073167800903, 0.36405467987060547, 0.35764163732528687, 0.35709652304649353, 0.3538552522659302, 0.3515748679637909, 0.35040006041526794, 0.34639737010002136, 0.3467206358909607, 0.34397098422050476, 0.3429734706878662, 0.343048095703125, 0.3396205008029938, 0.3366125226020813, 0.33630067110061646, 0.33203110098838806], "precision": [0.7192661762237549, 0.8062276840209961, 0.8418076038360596, 0.8535460829734802, 0.8625150322914124, 0.8686366081237793, 0.8722597360610962, 0.8749969601631165, 0.8789359927177429, 0.8820881843566895, 0.8849966526031494, 0.8871180415153503, 0.8870030045509338, 0.8906501531600952, 0.8901970982551575, 0.8900558948516846, 0.8927080631256104, 0.892261266708374, 0.8961864709854126, 0.8963989615440369, 0.8960491418838501, 0.8963893055915833, 0.8974224328994751, 0.8987889289855957, 0.8990730047225952, 0.9006160497665405, 0.8984621167182922, 0.9011304378509521, 0.9019603133201599, 0.9008102416992188, 0.9028171896934509, 0.9031713008880615, 0.9032294154167175, 0.9020230174064636, 0.9044279456138611, 0.9052219986915588, 0.9046231508255005, 0.9062591195106506, 0.9065236449241638, 0.9056510925292969, 0.9069414138793945, 0.9079394340515137, 0.9073888063430786, 0.908036470413208, 0.9077974557876587, 0.9084994792938232, 0.9073567986488342, 0.9089778661727905, 0.9096018671989441, 0.9096210598945618], "recall": [0.2213541716337204, 0.5226874947547913, 0.6201666593551636, 0.6709583401679993, 0.7014583349227905, 0.7269583344459534, 0.7427291870117188, 0.7518958449363708, 0.7641249895095825, 0.7716249823570251, 0.7773958444595337, 0.7839166522026062, 0.7882500290870667, 0.7948125004768372, 0.797041654586792, 0.7997708320617676, 0.8018749952316284, 0.8066041469573975, 0.8073333501815796, 0.8136875033378601, 0.8145833611488342, 0.8166666626930237, 0.8203750252723694, 0.8225416541099548, 0.8243749737739563, 0.8253958225250244, 0.8264166712760925, 0.8303541541099548, 0.8310624957084656, 0.8315416574478149, 0.8345416784286499, 0.8348125219345093, 0.8349791765213013, 0.8351041674613953, 0.8382916450500488, 0.8392916917800903, 0.8409791588783264, 0.843708336353302, 0.8433125019073486, 0.8447083234786987, 0.8462708592414856, 0.8467291593551636, 0.8471041917800903, 0.8481249809265137, 0.8493958115577698, 0.8495416641235352, 0.851270854473114, 0.8527916669845581, 0.8529791831970215, 0.854645848274231], "val_loss": [0.721869945526123, 0.5662495493888855, 0.5042086839675903, 0.46658116579055786, 0.4431341290473938, 0.43090832233428955, 0.4171938896179199, 0.41370534896850586, 0.39535269141197205, 0.3877623975276947, 0.3894059658050537, 0.3783860206604004, 0.37814563512802124, 0.37205371260643005, 0.36825430393218994, 0.36405375599861145, 0.3637664318084717, 0.364414781332016, 0.35792794823646545, 0.35404232144355774, 0.35329487919807434, 0.35138896107673645, 0.3477276563644409, 0.3506966531276703, 0.35015571117401123, 0.3484348654747009, 0.34300467371940613, 0.34104472398757935, 0.34407803416252136, 0.3410986363887787, 0.3368936777114868, 0.3364886939525604, 0.339497834444046, 0.3362293243408203, 0.33749133348464966, 0.33639290928840637, 0.33367758989334106, 0.3322256803512573, 0.33061492443084717, 0.33100852370262146, 0.3329492509365082, 0.3322626054286957, 0.3333422839641571, 0.3305703401565552, 0.32889965176582336, 0.32793664932250977, 0.3304262161254883, 0.3296549320220947, 0.33055099844932556, 0.32860347628593445], "val_precision": [0.889000654220581, 0.8919685482978821, 0.8830116987228394, 0.886687159538269, 0.8907412886619568, 0.8926437497138977, 0.8913484811782837, 0.8869107365608215, 0.8930549025535583, 0.896133303642273, 0.9032376408576965, 0.8969053626060486, 0.9066605567932129, 0.8976852893829346, 0.8974908590316772, 0.9045643210411072, 0.8990448713302612, 0.900842010974884, 0.905953049659729, 0.9057380557060242, 0.9063563346862793, 0.8991878628730774, 0.9048000574111938, 0.9021159410476685, 0.9003345370292664, 0.8990049958229065, 0.9046017527580261, 0.9028767347335815, 0.9023809432983398, 0.9007539749145508, 0.9039732217788696, 0.9017825722694397, 0.9042121767997742, 0.9041721820831299, 0.9053638577461243, 0.9033134579658508, 0.9040328860282898, 0.9028880596160889, 0.9043508768081665, 0.9063729643821716, 0.9052567481994629, 0.9051317572593689, 0.9047326445579529, 0.9046452641487122, 0.9101133346557617, 0.9024221301078796, 0.9025110602378845, 0.9031331539154053, 0.9045636057853699, 0.902671754360199], "val_recall": [0.5893333554267883, 0.6811666488647461, 0.7359166741371155, 0.7681666612625122, 0.7880833148956299, 0.796833336353302, 0.8053333163261414, 0.8136666417121887, 0.8197500109672546, 0.8246666789054871, 0.8206666707992554, 0.8308333158493042, 0.8224166631698608, 0.8305833339691162, 0.8375833630561829, 0.8356666564941406, 0.8393333554267883, 0.8380833268165588, 0.8420833349227905, 0.8431666493415833, 0.843666672706604, 0.8488333225250244, 0.846666693687439, 0.8455833196640015, 0.8521666526794434, 0.8508333563804626, 0.8518333435058594, 0.8552500009536743, 0.8527500033378601, 0.856166660785675, 0.8550833463668823, 0.8600000143051147, 0.8550833463668823, 0.8578333258628845, 0.859416663646698, 0.8587499856948853, 0.8611666560173035, 0.862333357334137, 0.8643333315849304, 0.8640000224113464, 0.8639166951179504, 0.8642500042915344, 0.8586666584014893, 0.8617500066757202, 0.8631666898727417, 0.8693333268165588, 0.8655833601951599, 0.8647500276565552, 0.8688333630561829, 0.8671666383743286]}