{"loss": [0.6762858033180237, 0.4640977084636688, 0.4188458323478699, 0.39312589168548584, 0.3729323446750641, 0.3580853343009949, 0.34644198417663574, 0.3349624276161194, 0.3251124322414398, 0.31669965386390686, 0.30887120962142944, 0.3016335368156433, 0.2939058542251587, 0.2874628007411957, 0.2819802463054657, 0.2762640714645386, 0.27059072256088257, 0.26542773842811584, 0.26060226559638977, 0.256501168012619, 0.25266289710998535, 0.2477686107158661, 0.24230778217315674, 0.23886609077453613, 0.23581229150295258, 0.23239275813102722, 0.22850264608860016, 0.22481496632099152, 0.22198070585727692, 0.21824249625205994, 0.2152034491300583, 0.21230946481227875], "precision": [0.8781443238258362, 0.8864457607269287, 0.8929428458213806, 0.8969241976737976, 0.9020596742630005, 0.9038221836090088, 0.9053330421447754, 0.9087368249893188, 0.910724937915802, 0.9127716422080994, 0.9144175052642822, 0.9157601594924927, 0.9178787469863892, 0.9205286502838135, 0.9195843935012817, 0.9217110276222229, 0.9220301508903503, 0.9256009459495544, 0.9260112643241882, 0.9271621108055115, 0.928228497505188, 0.9293992519378662, 0.9314929246902466, 0.9325383305549622, 0.9330695867538452, 0.9336270689964294, 0.9355869889259338, 0.9366335272789001, 0.9359040856361389, 0.9373520016670227, 0.9383507370948792, 0.9388920068740845], "recall": [0.6443750262260437, 0.7869791388511658, 0.8137500286102295, 0.8268333077430725, 0.8385208249092102, 0.8453750014305115, 0.8491458296775818, 0.8554999828338623, 0.8603125214576721, 0.8637291789054871, 0.8674583435058594, 0.8698958158493042, 0.8729791641235352, 0.8764583468437195, 0.8776666522026062, 0.8802916407585144, 0.8822291493415833, 0.8856458067893982, 0.8875625133514404, 0.8889166712760925, 0.8902291655540466, 0.893791675567627, 0.8962708115577698, 0.8976458311080933, 0.8991875052452087, 0.9005416631698608, 0.9023541808128357, 0.9050416946411133, 0.9056041836738586, 0.9070833325386047, 0.9091249704360962, 0.9116250276565552], "val_loss": [0.49812284111976624, 0.4407443702220917, 0.4158317744731903, 0.39504745602607727, 0.4002225697040558, 0.3762297034263611, 0.44199711084365845, 0.35697710514068604, 0.352520227432251, 0.3526386022567749, 0.342343270778656, 0.34809204936027527, 0.3304443359375, 0.35318899154663086, 0.33908456563949585, 0.3293909728527069, 0.3234464228153229, 0.324047714471817, 0.3259010910987854, 0.32103586196899414, 0.31908515095710754, 0.31708043813705444, 0.31027480959892273, 0.31586647033691406, 0.3129238188266754, 0.3073771297931671, 0.30335816740989685, 0.31545522809028625, 0.31022128462791443, 0.31527578830718994, 0.30550214648246765, 0.30743226408958435], "val_precision": [0.8842317461967468, 0.8915840983390808, 0.8891519904136658, 0.8957016468048096, 0.8887796998023987, 0.899883508682251, 0.8625310659408569, 0.9003275036811829, 0.9015727043151855, 0.9024778604507446, 0.9051011204719543, 0.898968517780304, 0.9086750149726868, 0.896790623664856, 0.902283251285553, 0.9038293957710266, 0.9057130217552185, 0.9053558707237244, 0.9030940532684326, 0.906703770160675, 0.9075959324836731, 0.9056423902511597, 0.9073961973190308, 0.9043831825256348, 0.9049550890922546, 0.9054778218269348, 0.9097198247909546, 0.9027562737464905, 0.905510425567627, 0.9042938351631165, 0.9073196053504944, 0.9064145684242249], "val_recall": [0.7682499885559082, 0.8025000095367432, 0.8134999871253967, 0.8265833258628845, 0.8290833234786987, 0.8366666436195374, 0.8099166750907898, 0.8475833535194397, 0.8503333330154419, 0.8498333096504211, 0.8575833439826965, 0.8497499823570251, 0.8606666922569275, 0.8522499799728394, 0.859499990940094, 0.8654166460037231, 0.8653333187103271, 0.8649166822433472, 0.8659166693687439, 0.8690000176429749, 0.8692499995231628, 0.8694166541099548, 0.872083306312561, 0.871749997138977, 0.8735833168029785, 0.8733333349227905, 0.8766666650772095, 0.8734166622161865, 0.8736666440963745, 0.8740000128746033, 0.8769999742507935, 0.874916672706604]}