{"loss": [1.263363003730774, 0.7928777933120728, 0.6749691367149353, 0.614612877368927, 0.5694383382797241, 0.5431146621704102, 0.5222024917602539, 0.5068154335021973, 0.4923655092716217, 0.4834642708301544, 0.4725393056869507, 0.46405526995658875, 0.4627464711666107, 0.45426425337791443, 0.44737786054611206, 0.4399864375591278, 0.4385024905204773, 0.43200361728668213, 0.43113061785697937, 0.42733070254325867, 0.4244689643383026, 0.41998472809791565, 0.4197811782360077, 0.415415495634079, 0.4114198386669159, 0.411655068397522, 0.40340062975883484, 0.4010065197944641, 0.40097835659980774, 0.39934954047203064, 0.3968988060951233, 0.3928067982196808, 0.3913820683956146, 0.39092615246772766, 0.38475263118743896, 0.38676050305366516, 0.38470694422721863, 0.3842019736766815, 0.3805307149887085, 0.38177576661109924, 0.37944430112838745, 0.3745804727077484], "precision": [0.7968944311141968, 0.8339036107063293, 0.8508805632591248, 0.8624944686889648, 0.8696849942207336, 0.8720229864120483, 0.8760512471199036, 0.8794317841529846, 0.8829097151756287, 0.8818648457527161, 0.884558916091919, 0.8858127593994141, 0.886870265007019, 0.8859856724739075, 0.8881300687789917, 0.8892666697502136, 0.8914385437965393, 0.8931627869606018, 0.8912140727043152, 0.8925803899765015, 0.8930135369300842, 0.8933500051498413, 0.8942416310310364, 0.8944172263145447, 0.8951978087425232, 0.8950951099395752, 0.8971492648124695, 0.8968043327331543, 0.8980966210365295, 0.8977687358856201, 0.8963866829872131, 0.8994751572608948, 0.8987930417060852, 0.899359405040741, 0.8991085290908813, 0.9003927707672119, 0.9000342488288879, 0.8991011381149292, 0.8996158242225647, 0.8997732996940613, 0.9010976552963257, 0.9022822976112366], "recall": [0.30685415863990784, 0.5686874985694885, 0.6462083458900452, 0.6887916922569275, 0.7167291641235352, 0.7330625057220459, 0.7465416789054871, 0.7570624947547913, 0.765666663646698, 0.7727708220481873, 0.7778958082199097, 0.7818958163261414, 0.7841041684150696, 0.7869583368301392, 0.7910833358764648, 0.7955416440963745, 0.7971875071525574, 0.800125002861023, 0.8002916574478149, 0.8015000224113464, 0.8028749823570251, 0.8051875233650208, 0.8059166669845581, 0.8070625066757202, 0.8112916946411133, 0.8109375238418579, 0.8143125176429749, 0.8161666393280029, 0.8139374852180481, 0.8156041502952576, 0.8155624866485596, 0.8176041841506958, 0.8175833225250244, 0.8189791440963745, 0.8215416669845581, 0.8214583396911621, 0.8217499852180481, 0.8231458067893982, 0.8244791626930237, 0.8268541693687439, 0.8260625004768372, 0.827750027179718], "val_loss": [0.7235305905342102, 0.5889127254486084, 0.5257490873336792, 0.4855363070964813, 0.4600277245044708, 0.44375118613243103, 0.4287753105163574, 0.420217365026474, 0.41256293654441833, 0.4044632613658905, 0.39820727705955505, 0.39644527435302734, 0.39254122972488403, 0.38964033126831055, 0.385280966758728, 0.3828921318054199, 0.38012057542800903, 0.37397101521492004, 0.37541502714157104, 0.37414562702178955, 0.3690246045589447, 0.36816325783729553, 0.36747175455093384, 0.3685669004917145, 0.3647569715976715, 0.36396390199661255, 0.3607081174850464, 0.35987764596939087, 0.36661913990974426, 0.36322832107543945, 0.3587007522583008, 0.3598741888999939, 0.3539758622646332, 0.3530145585536957, 0.3541664779186249, 0.35260915756225586, 0.35116055607795715, 0.3518450856208801, 0.35263320803642273, 0.3511905372142792, 0.3514883518218994, 0.3539985716342926], "val_precision": [0.8696922063827515, 0.8818415999412537, 0.890026330947876, 0.8909338712692261, 0.8886566758155823, 0.8888157606124878, 0.8913854360580444, 0.8934189677238464, 0.8901633620262146, 0.8939491510391235, 0.8938343524932861, 0.8930846452713013, 0.8936575651168823, 0.8954355120658875, 0.899250328540802, 0.8940171003341675, 0.8967695236206055, 0.8975925445556641, 0.8946001529693604, 0.8983127474784851, 0.8984058499336243, 0.8997036814689636, 0.8994875550270081, 0.900955319404602, 0.8994433283805847, 0.8995621204376221, 0.8993845582008362, 0.8990105986595154, 0.896852970123291, 0.9010515213012695, 0.9007313847541809, 0.9014135003089905, 0.901148796081543, 0.8994863629341125, 0.900682806968689, 0.9000265598297119, 0.901661217212677, 0.900987446308136, 0.9018617272377014, 0.9013647437095642, 0.9041964411735535, 0.9040057063102722], "val_recall": [0.5956666469573975, 0.6847500205039978, 0.7317500114440918, 0.762416660785675, 0.7795000076293945, 0.7880833148956299, 0.796750009059906, 0.799833357334137, 0.8084166646003723, 0.8113333582878113, 0.8166666626930237, 0.8179166913032532, 0.8207499980926514, 0.8206666707992554, 0.8196666836738586, 0.828083336353302, 0.828166663646698, 0.8326666951179504, 0.8324999809265137, 0.8296666741371155, 0.831250011920929, 0.8349999785423279, 0.8337500095367432, 0.8330833315849304, 0.8348333239555359, 0.8389166593551636, 0.8402500152587891, 0.840499997138977, 0.8383333086967468, 0.8355000019073486, 0.8415833115577698, 0.8396666646003723, 0.8432499766349792, 0.8464166522026062, 0.8464166522026062, 0.8462499976158142, 0.8458333611488342, 0.843999981880188, 0.8477500081062317, 0.8475833535194397, 0.843916654586792, 0.8444166779518127]}